<?xml version="1.0" encoding="UTF-8"?>
<bills>
	<bill>
		<id>00B1</id>
		<userid>00U1</userid>
		<date>10/07/2012</date>
		<items>
			<item>
				<id>00I1</id>
				<qty>5</qty>
			</item>
			<item>
				<id>00I2</id>
				<qty>10</qty>
			</item>
		</items>
	</bill>
	<bill>
		<id>00B2</id>
		<userid>00U2</userid>
		<date>09/07/2012</date>
		<items>
			<item>
				<id>00I1</id>
				<qty>5</qty>
			</item>
			<item>
				<id>00I2</id>
				<qty>10</qty>
			</item>
		</items>		
	</bill>
	<bill>
		<id>00B3</id>
		<userid>00U3</userid>
		<date>09/07/2012</date>
		<items>
			<item>
				<id>00I1</id>
				<qty>5</qty>
			</item>
			<item>
				<id>00I2</id>
				<qty>10</qty>
			</item>
		</items>		
	</bill>
	<bill>
		<id>00B4</id>
		<userid>00U5</userid>
		<date>09/07/2012</date>
		<items>
			<item>
				<id>00I1</id>
				<qty>1</qty>
			</item>
			<item>
				<id>00I2</id>
				<qty>1</qty>
			</item>
		</items>		
	</bill>
</bills>